Organization,Region,Type,Training_Provider,Corporate_Focus,Service_Offering,Client_Services,Virtual_Capability,Tier,Confidence,Evidence_URLs,Notes
Trainingfolks Corporate Training Company | Instructional Design & eLearning Experts,both,Training Provider,,,,,,Confirmed,90,https://www.trainingfolks.com/,
SkillPath Virtual Seminars | Business Training | On-Site Training | SkillPath,both,Training Provider,,,,,,Confirmed,70,https://skillpath.com/,missing=training_provider
ProSolutions Training,both,Training Provider,,,,,,Probable,55,https://www.prosolutionstraining.com/,missing=training_provider
20 Best Corporate Training Companies in 2025,both,Training Provider,,,,,,Confirmed,100,https://www.edstellar.com/blog/top-corporate-training-companies,
Comprehensive Professional & Organizational Development Services,both,Training Provider,,,,,,Confirmed,60,https://tadsllc.com/our-services/,missing=training_provider
Georgia Tech Professional Education: Elevate Your Future,both,Training Provider,,,,,,Probable,45,https://pe.gatech.edu/,missing=training_provider
Professional and Management Development Training,both,Training Provider,,,,,,Confirmed,100,https://www.trade.gov/professional-and-management-development-training,
Educate Me Top 10 Training Companies In The World [2025],both,Training Provider,,,,,,Confirmed,100,https://www.educate-me.co/blog/corporate-training-companies,
Teambuilding 25 Top Corporate Training Companies,both,Training Provider,,,,,,Confirmed,100,https://teambuilding.com/blog/corporate-training-companies,
Unboxedtechnology Professional Training and Coaching Companies | Unboxed Training & Technology,both,Training Provider,,,,,,Confirmed,90,https://unboxedtechnology.com/blog/professional-training-and-coaching-companies/,
